<?xml version="1.0" encoding="UTF-8"?>
<project-private xmlns="http://www.netbeans.org/ns/project-private/1">
    <editor-bookmarks xmlns="http://www.netbeans.org/ns/editor-bookmarks/2" lastBookmarkId="0"/>
    <open-files xmlns="http://www.netbeans.org/ns/projectui-open-files/2">
        <group>
            <file>file:/C:/Users/Chris/Desktop/Schule/3AHITM/Softwareentwicklung/SpaceRunner/spaceRunner/src/model/InfoLabel.java</file>
            <file>file:/C:/Users/Chris/Desktop/Schule/3AHITM/Softwareentwicklung/SpaceRunner/spaceRunner/src/view/ViewController.java</file>
            <file>file:/C:/Users/Chris/Desktop/Schule/3AHITM/Softwareentwicklung/SpaceRunner/spaceRunner/src/model/SpaceRunnerSubScene.java</file>
            <file>file:/C:/Users/Chris/Desktop/Schule/3AHITM/Softwareentwicklung/SpaceRunner/spaceRunner/src/spacerunner/SpaceRunner.java</file>
            <file>file:/C:/Users/Chris/Desktop/Schule/3AHITM/Softwareentwicklung/SpaceRunner/spaceRunner/src/model/SpaceRunnerButton.java</file>
        </group>
    </open-files>
</project-private>
